{
    "rmse": 18.651603045264782,
    "r2": 0.42985580694585346
}