{
    "rmse": 49.64847068008128,
    "r2": 0.7333760646974172
}