{
    "lr_accuracy": 0.9027839151568714,
    "lr_f1": 0.9386845039018952,
    "lr_precision": 0.9706051873198848,
    "lr_recall": 0.9087965461413924,
    "lr_auc": 0.9523419504297578,
    "w2v_f1": 0.8993557623478883,
    "w2v_auc": 0.9216132705039949,
    "vader_auc": 0.8103017947260769
}